run_id,topology,mode,delay,heartbeat,repetition,seed,trial_ok,commit_throughput_observe_eps,recovery_time_ms,elections_observe,term_changes_observe,stable_progress,latency_median_ms,latency_p95_ms,latency_count,client_ok_observe,client_fail_observe,host_load_max_1m,host_overloaded
T0_direct_d500us_hb10ms_r01,T0,direct,500µs,10ms,1,20260926,true,99.999391,2.149700,0,0,true,2.592790,2.741253,3216,3216,0,1.280000,false
T0_direct_d500us_hb10ms_r02,T0,direct,500µs,10ms,2,20260956,true,99.997976,3.779407,0,0,true,2.760743,2.993329,3217,3217,0,1.970000,false
T0_direct_d500us_hb10ms_r03,T0,direct,500µs,10ms,3,20260986,true,99.986047,1.817195,0,0,true,2.544058,2.700302,3215,3215,0,0.830000,false
T0_direct_d5ms_hb10ms_r01,T0,direct,5ms,10ms,1,20260927,true,99.992416,4.409412,0,0,true,10.654806,10.843380,3251,3251,0,1.350000,false
T0_direct_d5ms_hb10ms_r02,T0,direct,5ms,10ms,2,20260957,true,99.921958,8.498693,0,0,true,20.772544,20.986850,3251,3251,2,1.420000,false
T0_direct_d5ms_hb10ms_r03,T0,direct,5ms,10ms,3,20260987,true,99.273861,5.504807,21,5,true,10.613403,20.745872,3234,3234,24,1.580000,false
T0_forwarding_d500us_hb10ms_r01,T0,forwarding,500µs,10ms,1,20260929,true,100.030560,4.204967,0,0,true,2.610760,2.772174,3217,3217,0,1.150000,false
T0_forwarding_d500us_hb10ms_r02,T0,forwarding,500µs,10ms,2,20260959,true,99.992914,8.199768,0,0,true,2.754943,2.910086,3218,3218,0,2.310000,false
T0_forwarding_d500us_hb10ms_r03,T0,forwarding,500µs,10ms,3,20260989,true,99.988577,9.007955,0,0,true,2.564628,2.735534,3215,3215,0,1.210000,false
T0_forwarding_d5ms_hb10ms_r01,T0,forwarding,5ms,10ms,1,20260930,true,99.352081,8.439694,20,4,true,20.637826,20.897782,3231,3231,21,0.870000,false
T0_forwarding_d5ms_hb10ms_r02,T0,forwarding,5ms,10ms,2,20260960,true,98.903829,8.389573,34,9,true,20.807258,21.069604,3218,3218,34,2.040000,false
T0_forwarding_d5ms_hb10ms_r03,T0,forwarding,5ms,10ms,3,20260990,true,99.951999,3.280850,0,0,true,20.577690,20.936130,3250,3250,2,1.280000,false
T1_direct_d500us_hb10ms_r01,T1,direct,500µs,10ms,1,20260932,true,99.183085,0.847920,9,2,true,2.598870,2.800274,3603,3603,29,1.410000,false
T1_direct_d500us_hb10ms_r02,T1,direct,500µs,10ms,2,20260962,true,99.182753,7.563964,9,2,true,2.762904,2.910147,3602,3602,30,1.880000,false
T1_direct_d500us_hb10ms_r03,T1,direct,500µs,10ms,3,20260992,true,99.250676,2.357622,8,2,true,2.541497,2.707202,3601,3601,27,1.820000,false
T1_direct_d5ms_hb10ms_r01,T1,direct,5ms,10ms,1,20260933,true,99.101874,1.503045,9,2,true,20.625755,20.866802,3629,3629,31,1.260000,false
T1_direct_d5ms_hb10ms_r02,T1,direct,5ms,10ms,2,20260963,true,97.471314,4.927863,42,10,true,10.858878,20.900629,3572,3572,93,1.550000,false
T1_direct_d5ms_hb10ms_r03,T1,direct,5ms,10ms,3,20260993,true,99.258878,0.000290,5,1,true,20.589613,20.954222,3636,3636,27,1.460000,false
T1_forwarding_d500us_hb10ms_r01,T1,forwarding,500µs,10ms,1,20260935,true,99.099959,3.834918,8,2,true,1.596127,1.828822,3200,3200,29,1.780000,false
T1_forwarding_d500us_hb10ms_r02,T1,forwarding,500µs,10ms,2,20260965,true,99.248832,9.590551,10,3,true,1.790821,1.979835,3210,3210,24,1.390000,false
T1_forwarding_d500us_hb10ms_r03,T1,forwarding,500µs,10ms,3,20260995,true,99.021485,1.322600,9,2,true,2.547456,2.750483,3236,3236,32,0.780000,false
T1_forwarding_d5ms_hb10ms_r01,T1,forwarding,5ms,10ms,1,20260936,true,97.898757,231.259910,47,10,true,20.624226,20.874391,3202,3202,68,1.780000,false
T1_forwarding_d5ms_hb10ms_r02,T1,forwarding,5ms,10ms,2,20260966,true,98.516605,238.783989,11,3,true,30.833190,31.048134,3226,3226,46,0.980000,false
T1_forwarding_d5ms_hb10ms_r03,T1,forwarding,5ms,10ms,3,20260996,true,98.973131,1.886007,10,2,true,20.568175,20.858570,3237,3237,34,0.680000,false
T2_direct_d500us_hb10ms_r01,T2,direct,500µs,10ms,1,20260938,true,68.660951,0.731727,16,4,true,1.605327,1.829442,3909,3909,85,0.990000,false
T2_direct_d500us_hb10ms_r02,T2,direct,500µs,10ms,2,20260968,true,68.503737,10.581603,16,4,true,1.751560,1.927124,3904,3904,90,1.940000,false
T2_direct_d500us_hb10ms_r03,T2,direct,500µs,10ms,3,20260998,true,68.544652,7.978691,16,4,true,1.557627,1.868847,3904,3904,90,0.690000,false
T2_direct_d5ms_hb10ms_r01,T2,direct,5ms,10ms,1,20260939,true,67.035332,1583.416290,118,24,true,20.621135,20.879662,3826,3826,162,0.800000,false
T2_direct_d5ms_hb10ms_r02,T2,direct,5ms,10ms,2,20260969,true,67.297181,1533.212058,137,28,true,20.848729,21.112424,3847,3847,140,1.660000,false
T2_direct_d5ms_hb10ms_r03,T2,direct,5ms,10ms,3,20260999,true,68.065030,1.346541,65,14,true,10.584640,10.788173,3885,3885,110,1.530000,false
T2_forwarding_d500us_hb10ms_r01,T2,forwarding,500µs,10ms,1,20260941,true,97.758545,10.334319,21,5,true,3.699845,3.878009,3235,3235,74,0.850000,false
T2_forwarding_d500us_hb10ms_r02,T2,forwarding,500µs,10ms,2,20260971,true,97.601562,0.771588,22,6,true,1.761920,2.079718,3239,3239,79,0.890000,false
T2_forwarding_d500us_hb10ms_r03,T2,forwarding,500µs,10ms,3,20261001,true,97.324371,9.828199,14,3,true,3.606300,3.905515,3221,3221,88,2.060000,false
T2_forwarding_d5ms_hb10ms_r01,T2,forwarding,5ms,10ms,1,20260942,true,96.618689,9.499808,37,8,true,20.818858,21.119435,3260,3260,114,0.900000,false
T2_forwarding_d5ms_hb10ms_r02,T2,forwarding,5ms,10ms,2,20260972,true,95.647071,6.138121,57,13,true,20.775747,21.103475,3223,3223,147,0.710000,false
T2_forwarding_d5ms_hb10ms_r03,T2,forwarding,5ms,10ms,3,20261002,true,96.919734,1080.458993,31,7,true,20.549459,20.767914,3262,3262,103,1.890000,false
T3_direct_d20ms_hb10ms_r01,T3,direct,20ms,10ms,1,20260946,true,0.000000,,5,2,false,,,0,0,2999,0.660000,false
T3_direct_d20ms_hb10ms_r02,T3,direct,20ms,10ms,2,20260976,true,0.000000,,5,2,false,,,0,0,2999,0.670000,false
T3_direct_d20ms_hb10ms_r03,T3,direct,20ms,10ms,3,20261006,true,0.000000,,5,2,false,,,0,0,2999,1.060000,false
T3_direct_d500us_hb10ms_r01,T3,direct,500µs,10ms,1,20260944,true,0.000000,,5,2,false,,,0,0,2999,1.220000,false
T3_direct_d500us_hb10ms_r02,T3,direct,500µs,10ms,2,20260974,true,0.000000,,5,2,false,,,0,0,2999,0.850000,false
T3_direct_d500us_hb10ms_r03,T3,direct,500µs,10ms,3,20261004,true,0.000000,,5,2,false,,,0,0,2999,1.560000,false
T3_direct_d5ms_hb10ms_r01,T3,direct,5ms,10ms,1,20260945,true,0.000000,,5,2,false,,,0,0,2998,1.190000,false
T3_direct_d5ms_hb10ms_r02,T3,direct,5ms,10ms,2,20260975,true,0.000000,,5,2,false,,,0,0,2999,0.640000,false
T3_direct_d5ms_hb10ms_r03,T3,direct,5ms,10ms,3,20261005,true,0.000000,,5,2,false,,,0,0,2999,1.140000,false
T3_forwarding_d20ms_hb10ms_r01,T3,forwarding,20ms,10ms,1,20260949,true,0.000000,,714,180,false,,,0,0,2999,1.170000,false
T3_forwarding_d20ms_hb10ms_r02,T3,forwarding,20ms,10ms,2,20260979,true,0.000000,,781,196,false,,,0,0,2999,0.870000,false
T3_forwarding_d20ms_hb10ms_r03,T3,forwarding,20ms,10ms,3,20261009,true,0.000000,,693,174,false,,,0,0,2999,0.680000,false
T3_forwarding_d500us_hb10ms_r01,T3,forwarding,500µs,10ms,1,20260947,true,59.438574,20472.965461,7,3,true,2.763473,2.955407,2999,2999,0,0.580000,false
T3_forwarding_d500us_hb10ms_r02,T3,forwarding,500µs,10ms,2,20260977,true,59.432156,20479.929283,8,3,true,3.565480,3.735699,2999,2999,0,0.650000,false
T3_forwarding_d500us_hb10ms_r03,T3,forwarding,500µs,10ms,3,20261007,true,59.003975,20846.677874,9,3,true,3.591043,3.759858,2999,2999,0,0.770000,false
T3_forwarding_d5ms_hb10ms_r01,T3,forwarding,5ms,10ms,1,20260948,true,56.455209,21818.580741,157,42,true,10.735936,10.971372,2924,2924,74,0.910000,false
T3_forwarding_d5ms_hb10ms_r02,T3,forwarding,5ms,10ms,2,20260978,true,54.013770,21086.908512,223,60,true,10.518955,10.684050,2758,2758,241,1.100000,false
T3_forwarding_d5ms_hb10ms_r03,T3,forwarding,5ms,10ms,3,20261008,true,55.888960,21879.709766,234,62,true,10.556312,10.740727,2898,2898,101,0.760000,false
T4_direct_d500us_hb10ms_r01,T4,direct,500µs,10ms,1,20260950,true,99.879894,2.685771,6,2,true,1.648108,1.756080,3606,3606,4,1.080000,false
T4_direct_d500us_hb10ms_r02,T4,direct,500µs,10ms,2,20260980,true,99.379230,4.194058,3,1,true,1.457455,1.555538,3587,3587,23,0.870000,false
T4_direct_d500us_hb10ms_r03,T4,direct,500µs,10ms,3,20261010,true,99.370233,5.177267,3,1,true,1.481374,1.613499,3587,3587,23,0.530000,false
T4_direct_d5ms_hb10ms_r01,T4,direct,5ms,10ms,1,20260951,true,97.947971,3.311516,24,9,true,20.718315,20.893230,3642,3642,75,0.850000,false
T4_direct_d5ms_hb10ms_r02,T4,direct,5ms,10ms,2,20260981,true,99.263557,2.815126,3,1,true,10.510699,10.697464,3591,3591,26,0.990000,false
T4_forwarding_d500us_hb10ms_r01,T4,forwarding,500µs,10ms,1,20260953,true,99.855512,2.347814,3,1,true,2.667012,2.799474,3407,3407,4,0.390000,false
T4_forwarding_d500us_hb10ms_r02,T4,forwarding,500µs,10ms,2,20260983,true,99.873952,1.107914,3,1,true,1.529167,1.684831,3408,3408,4,0.670000,false
T4_forwarding_d5ms_hb10ms_r01,T4,forwarding,5ms,10ms,1,20260954,true,97.459435,0.899241,9,3,true,30.776127,31.008212,3344,3344,84,1.040000,false
T4_forwarding_d5ms_hb10ms_r02,T4,forwarding,5ms,10ms,2,20260984,true,99.253789,146.409009,12,4,true,20.577446,30.662951,3405,3405,26,0.750000,false
